"DATA","ABERTURA","FECHAMENTO","VARIAÇÃO","MÍNIMO","MÁXIMO","VOLUME"
"04/11/2024","62,40","62,67","1,03","62,12","62,87","691,19M"
"01/11/2024","62,14","62,03","-0,05","61,79","62,44","944,21M"
"31/10/2024","62,34","62,06","-0,66","61,80","62,59","1,03B"
"30/10/2024","62,50","62,47","-0,30","62,12","62,69","764,83M"
"29/10/2024","63,25","62,66","-0,35","62,65","63,44","937,78M"
"28/10/2024","62,50","62,88","1,86","62,19","62,88","1,04B"
"25/10/2024","60,57","61,73","3,40","60,52","62,47","2,36B"
"24/10/2024","59,34","59,70","0,59","59,21","59,70","673,03M"
"23/10/2024","59,89","59,35","-1,75","59,15","59,90","1,08B"
"22/10/2024","60,15","60,41","0,13","59,90","60,66","890,44M"
"21/10/2024","61,35","60,33","-0,36","60,27","61,38","1,15B"
"18/10/2024","61,02","60,55","-0,35","60,46","61,47","2,38B"
"17/10/2024","61,93","60,76","-2,53","60,64","61,32","2,96B"
"16/10/2024","61,93","62,34","1,91","61,58","62,38","1,84B"
"15/10/2024","61,10","61,17","-1,23","60,57","61,20","1,56B"
"14/10/2024","62,32","61,93","-0,32","61,33","62,52","2,78B"
"11/10/2024","60,99","62,13","1,44","60,98","62,27","1,29B"
"10/10/2024","61,45","61,25","0,48","60,75","61,45","1,05B"
"09/10/2024","60,67","60,96","-0,26","60,25","61,06","1,38B"
"08/10/2024","62,90","61,12","-3,03","60,60","61,12","3,57B"
"07/10/2024","62,90","63,03","0,88","62,44","63,74","1,42B"
"04/10/2024","63,63","62,48","-0,73","62,30","63,01","2,61B"
"03/10/2024","63,63","62,94","-1,92","62,43","63,80","1,67B"
"02/10/2024","64,42","64,17","0,55","63,97","65,35","1,31B"
"01/10/2024","63,50","63,82","0,49","63,15","64,25","1,15B"
"30/09/2024","65,32","63,51","-0,70","63,51","65,32","1,86B"
"27/09/2024","64,70","63,96","-0,45","63,17","65,03","6,14B"
"26/09/2024","62,60","64,25","6,01","62,45","64,38","3,90B"
"25/09/2024","60,72","60,61","0,45","60,42","61,25","1,31B"
"24/09/2024","60,21","60,34","4,88","59,64","60,74","2,71B"
"23/09/2024","57,09","57,53","0,31","56,60","57,86","1,04B"
"20/09/2024","57,71","57,35","-1,51","56,95","58,16","1,76B"
"19/09/2024","58,57","58,23","1,20","58,17","58,85","1,12B"
"18/09/2024","57,59","57,54","-1,17","57,45","58,17","828,57M"
"17/09/2024","58,37","58,22","-0,48","57,90","58,55","699,25M"
"16/09/2024","58,43","58,50","0,00","58,08","58,55","611,38M"
"13/09/2024","58,10","58,50","0,67","58,03","59,00","880,93M"
"12/09/2024","58,10","58,11","0,90","57,96","58,54","1,04B"
"11/09/2024","56,74","57,59","2,84","56,71","57,65","1,46B"
"10/09/2024","56,84","56,00","-1,20","55,93","56,90","983,98M"
"09/09/2024","57,11","56,68","-0,14","56,67","57,34","575,37M"
"06/09/2024","56,89","56,76","-1,12","56,59","57,52","1,87B"
"05/09/2024","56,89","57,40","0,72","56,73","57,64","949,41M"
"04/09/2024","56,70","56,99","0,78","56,47","57,44","1,11B"
"03/09/2024","58,82","56,55","-3,73","56,47","57,95","2,27B"
"02/09/2024","58,82","58,74","-1,41","58,42","58,88","643,81M"
"30/08/2024","59,41","59,58","0,47","59,08","59,72","1,91B"
"29/08/2024","59,41","59,30","-0,12","59,10","59,97","1,14B"
"28/08/2024","59,37","59,37","-0,72","58,68","59,50","1,26B"
"27/08/2024","59,70","59,80","3,01","59,09","60,14","2,87B"
"26/08/2024","58,50","58,05","1,13","58,05","58,55","997,45M"
"23/08/2024","58,26","57,40","-1,68","57,25","58,38","1,39B"
"22/08/2024","58,24","58,38","0,14","57,85","58,38","1,03B"
"21/08/2024","58,25","58,30","1,92","58,10","58,56","1,34B"
"20/08/2024","57,38","57,20","0,39","56,81","57,59","1,11B"
"19/08/2024","56,52","56,98","1,60","56,36","57,52","1,61B"
"16/08/2024","55,95","56,08","-0,27","55,53","56,09","2,47B"
"15/08/2024","55,90","56,23","0,41","55,69","56,36","1,57B"
"14/08/2024","55,96","56,00","-0,92","55,48","56,09","2,88B"
"13/08/2024","56,99","56,52","-0,44","56,52","56,99","2,51B"
"12/08/2024","57,10","56,77","-0,51","56,52","57,11","1,03B"
"09/08/2024","57,12","57,06","0,37","56,50","57,16","1,25B"
"08/08/2024","57,03","56,85","-0,61","56,82","57,50","828,69M"
"07/08/2024","57,31","57,20","-0,19","57,02","57,59","1,10B"
"06/08/2024","56,74","57,31","0,51","56,30","57,52","1,36B"
"05/08/2024","56,31","57,02","-1,06","55,90","57,39","1,40B"
"02/08/2024","58,82","57,63","-1,39","57,58","59,03","2,04B"
"01/08/2024","60,00","58,44","-2,24","58,42","60,02","2,37B"
"31/07/2024","59,09","59,78","2,34","58,94","59,83","2,04B"
"30/07/2024","59,20","58,42","-2,21","58,40","59,28","1,67B"
"29/07/2024","59,84","59,74","0,18","59,32","59,95","1,67B"
"26/07/2024","59,61","59,63","1,49","59,18","59,89","5,38B"
"25/07/2024","58,69","58,76","-0,05","58,45","59,36","2,01B"
"24/07/2024","58,45","58,78","0,61","58,41","58,93","1,04B"
"23/07/2024","58,78","58,43","-1,34","58,20","58,78","1,31B"
"22/07/2024","59,29","59,22","-0,11","58,91","59,43","771,67M"
"19/07/2024","59,37","59,29","-0,08","58,63","59,41","2,35B"
"18/07/2024","59,85","59,34","-0,94","59,23","60,06","1,22B"
"17/07/2024","60,03","59,90","-0,93","59,74","60,16","1,38B"
"16/07/2024","60,42","60,46","-1,05","59,53","60,47","1,34B"
"15/07/2024","60,92","61,10","0,11","60,55","61,29","620,64M"
"12/07/2024","60,21","61,03","1,47","60,10","61,03","796,91M"
"11/07/2024","60,55","60,15","-0,26","59,99","60,81","802,36M"
"10/07/2024","60,79","60,31","-1,35","59,99","60,87","1,05B"
"09/07/2024","61,08","61,13","-0,13","60,83","61,34","1,65B"
"08/07/2024","61,19","61,21","-0,79","60,79","61,35","996,95M"
"05/07/2024","61,40","61,69","-0,41","61,30","61,94","807,75M"
"04/07/2024","62,70","61,95","-0,50","61,92","62,76","492,98M"
"03/07/2024","61,19","62,26","1,99","61,55","62,90","3,10B"
"02/07/2024","60,83","61,04","-0,33","60,59","61,44","2,65B"
"01/07/2024","n/d","61,25","1,48","60,72","61,43","1,11B"
"28/06/2024","59,83","60,36","1,07","59,79","60,68","1,35B"
"27/06/2024","59,61","59,72","0,26","59,04","59,72","813,06M"
"26/06/2024","59,24","59,56","1,24","59,09","59,74","1,01B"
"25/06/2024","59,16","58,83","-0,41","58,47","59,21","819,07M"
"24/06/2024","58,66","59,08","0,12","58,59","59,25","805,71M"
"21/06/2024","59,20","59,01","-0,93","58,92","59,52","2,50B"
"20/06/2024","59,22","59,56","0,90","59,00","59,77","1,16B"
"19/06/2024","58,70","59,03","0,31","58,56","59,25","1,17B"
"18/06/2024","58,54","58,84","0,46","58,42","59,06","718,60M"
"17/06/2024","58,24","58,57","-0,40","58,05","58,64","812,61M"
"14/06/2024","59,03","58,80","-0,35","58,45","59,06","719,80M"
"13/06/2024","58,51","59,01","1,15","58,42","59,22","804,42M"
"12/06/2024","59,33","58,34","-1,38","58,12","59,61","1,28B"
"11/06/2024","58,59","59,15","-0,15","57,92","59,21","1,44B"
"10/06/2024","58,78","59,24","1,09","58,59","59,47","867,75M"
"07/06/2024","58,87","58,60","-1,31","58,46","59,05","864,94M"
"06/06/2024","58,95","59,38","1,39","58,55","59,49","1,05B"
"05/06/2024","59,27","58,56","-1,42","58,50","59,35","2,23B"
"04/06/2024","59,55","59,41","-1,02","58,88","59,56","1,17B"
"03/06/2024","60,96","60,02","-2,10","59,84","60,97","1,13B"
"31/05/2024","61,01","61,31","-0,06","60,91","61,55","1,43B"
"29/05/2024","61,54","61,35","-1,02","61,08","61,82","1,01B"
"28/05/2024","63,32","61,98","-2,16","61,45","63,33","1,37B"
"27/05/2024","62,97","63,34","0,34","62,77","63,34","320,48M"
"24/05/2024","63,05","63,13","0,05","62,96","63,69","740,50M"
"23/05/2024","63,27","63,10","-0,60","62,65","63,44","1,03B"
"22/05/2024","64,02","63,48","-0,79","63,13","64,36","1,11B"
"21/05/2024","64,75","63,98","-0,29","63,93","65,09","1,48B"
"20/05/2024","64,16","64,17","-0,05","63,75","64,60","1,43B"
"17/05/2024","63,30","64,20","1,96","63,22","64,36","2,79B"
"16/05/2024","63,03","62,97","0,73","62,48","63,23","1,05B"
"15/05/2024","62,52","62,51","-0,29","61,56","62,70","2,03B"
"14/05/2024","62,54","62,69","-0,06","62,10","62,81","830,15M"
"13/05/2024","62,76","62,73","0,59","62,46","63,10","907,28M"
"10/05/2024","62,81","62,36","-0,34","62,24","63,00","854,04M"
"09/05/2024","61,99","62,58","0,81","61,87","62,98","1,23B"
"08/05/2024","61,74","62,07","-0,91","61,68","62,31","2,31B"
"07/05/2024","62,81","62,65","0,62","62,37","63,23","1,34B"
"06/05/2024","62,30","62,26","0,30","62,03","62,76","834,22M"
"03/05/2024","62,25","62,07","0,11","61,45","62,49","1,47B"
"02/05/2024","61,79","62,00","1,00","61,33","62,33","1,10B"
"30/04/2024","61,60","61,39","-0,95","61,04","61,83","955,23M"
"29/04/2024","61,00","61,99","1,85","60,92","62,03","1,14B"
"26/04/2024","60,72","60,86","0,84","60,48","61,27","944,77M"
"25/04/2024","60,80","60,36","-2,11","60,06","61,15","1,64B"
"24/04/2024","61,66","61,66","1,24","61,26","62,17","1,55B"
"23/04/2024","60,78","60,90","-0,87","60,15","61,20","1,41B"
"22/04/2024","61,14","61,43","-0,05","60,43","61,68","1,66B"
"19/04/2024","60,38","61,46","1,64","60,23","61,65","1,99B"
"18/04/2024","60,81","60,47","0,37","60,06","60,84","1,20B"
"17/04/2024","61,15","60,25","1,09","60,10","61,57","2,08B"
"16/04/2024","59,30","59,60","-0,89","58,88","59,75","1,77B"
"15/04/2024","60,43","60,13","0,58","60,10","60,97","1,72B"
"12/04/2024","60,92","59,78","-0,37","59,57","61,48","1,56B"
"11/04/2024","59,94","60,01","0,42","59,49","60,25","969,07M"
"10/04/2024","60,46","59,75","-1,52","59,59","60,58","1,27B"
"09/04/2024","61,72","60,68","-0,67","60,15","61,96","2,25B"
"08/04/2024","59,27","61,08","5,46","58,98","61,24","2,41B"
"05/04/2024","58,47","57,92","-1,09","57,82","58,67","890,83M"
"04/04/2024","59,08","58,56","-1,11","58,37","59,45","2,60B"
"03/04/2024","59,53","59,22","-1,44","58,74","59,79","1,32B"
"02/04/2024","59,53","60,08","1,18","59,46","60,60","2,26B"
"01/04/2024","59,75","59,39","0,64","59,17","60,05","988,14M"
"28/03/2024","58,80","59,01","0,38","58,27","59,26","1,08B"
"27/03/2024","58,01","58,78","0,92","57,90","58,85","1,39B"
"26/03/2024","58,50","58,25","-1,27","57,80","58,68","1,82B"
"25/03/2024","59,19","59,00","-0,21","58,83","59,48","614,37M"
"22/03/2024","59,66","59,12","-1,15","59,10","59,72","650,74M"
"21/03/2024","60,56","59,81","-0,24","59,74","60,75","1,10B"
"20/03/2024","59,57","59,96","0,67","59,09","59,97","1,08B"
"19/03/2024","59,88","59,56","0,82","59,46","60,19","1,00B"
"18/03/2024","58,68","59,08","1,91","58,21","59,17","1,12B"
"15/03/2024","58,30","57,97","-1,14","57,58","58,44","3,94B"
"14/03/2024","59,27","58,64","-1,27","58,37","59,31","3,57B"
"13/03/2024","58,78","59,40","0,64","58,49","59,55","4,37B"
"12/03/2024","60,49","59,02","-0,62","58,84","60,69","2,65B"
"11/03/2024","60,15","59,39","-3,11","59,16","60,15","3,47B"
"08/03/2024","61,47","61,29","-0,77","61,19","62,19","1,42B"
"07/03/2024","62,64","61,76","-0,34","61,71","62,82","1,18B"
"06/03/2024","61,48","61,98","1,37","61,44","62,28","2,08B"
"05/03/2024","61,28","61,14","-1,32","60,91","61,55","1,50B"
"04/03/2024","62,16","61,96","-0,22","61,64","62,39","814,05M"
"01/03/2024","62,11","62,10","-0,16","61,62","62,26","1,39B"
"29/02/2024","61,79","62,20","0,37","61,73","62,65","1,29B"
"28/02/2024","62,02","61,97","-1,10","61,59","62,41","1,26B"
"27/02/2024","61,74","62,65","2,63","61,61","62,83","1,75B"
"26/02/2024","61,78","61,05","-2,42","60,77","61,79","2,07B"
"23/02/2024","63,37","62,56","0,24","62,43","64,13","2,66B"
"22/02/2024","62,06","62,41","1,07","62,02","62,95","2,24B"
"21/02/2024","60,93","61,75","0,76","60,91","61,86","1,25B"
"20/02/2024","61,42","61,29","-2,19","60,53","61,61","2,71B"
"19/02/2024","62,25","62,66","-0,28","61,87","62,76","784,25M"
"16/02/2024","61,73","62,84","3,31","61,60","63,43","3,27B"
"15/02/2024","60,82","60,82","-0,32","60,39","61,16","1,06B"
"14/02/2024","61,27","61,02","-0,30","60,82","61,41","763,24M"
"09/02/2024","61,37","61,21","-0,44","60,70","61,83","1,13B"
"08/02/2024","62,66","61,47","-0,88","61,25","62,66","1,59B"
"07/02/2024","62,04","62,02","0,19","61,74","62,26","1,23B"
"06/02/2024","61,34","61,90","1,77","61,08","62,12","1,70B"
"05/02/2024","61,19","60,82","-0,86","60,68","61,47","1,47B"
"02/02/2024","62,45","61,35","-2,03","61,20","62,46","2,01B"
"01/02/2024","63,02","62,63","-0,46","62,35","63,39","1,32B"
"31/01/2024","63,23","62,91","-1,48","62,91","63,68","2,20B"
"30/01/2024","64,44","63,86","-0,56","63,03","64,62","2,19B"
"29/01/2024","64,52","64,22","-0,47","63,35","64,52","1,01B"
"26/01/2024","63,04","64,53","1,67","62,67","64,82","1,76B"
"25/01/2024","64,99","63,47","-2,20","62,54","65,37","3,04B"
"24/01/2024","65,27","64,90","1,01","64,76","65,76","2,41B"
"23/01/2024","64,02","64,25","2,06","63,55","64,78","2,18B"
"22/01/2024","62,67","62,95","-0,44","62,31","63,12","1,47B"
"19/01/2024","64,53","63,23","-1,30","63,18","64,54","3,82B"
"18/01/2024","65,18","64,07","-0,65","64,07","65,37","1,97B"
"17/01/2024","65,24","64,48","-1,66","64,07","65,42","2,78B"
"16/01/2024","66,48","65,57","-1,30","65,24","66,66","1,49B"
"15/01/2024","66,13","66,43","-0,20","65,64","66,57","842,52M"
"12/01/2024","67,04","66,56","-1,27","66,52","67,50","1,09B"
"11/01/2024","67,27","67,42","0,53","66,71","67,70","1,36B"
"10/01/2024","67,58","67,06","-1,50","66,80","67,58","1,43B"
"09/01/2024","68,80","68,09","-1,27","67,92","68,86","1,04B"
"08/01/2024","68,65","68,96","-0,51","68,25","69,23","1,58B"
"05/01/2024","69,66","69,31","-1,28","68,82","69,68","1,46B"
"04/01/2024","70,96","70,21","-1,34","69,97","71,16","1,32B"
"03/01/2024","71,22","71,17","-0,52","70,43","71,40","1,80B"
"02/01/2024","72,05","71,54","-0,19","71,11","72,59","1,30B"
"28/12/2023","71,49","71,68","-0,26","71,26","71,92","1,19B"
"27/12/2023","71,35","71,86","0,97","71,35","72,00","991,62M"
"26/12/2023","71,64","71,18","0,35","71,18","71,91","869,61M"
"22/12/2023","71,61","70,93","-0,75","70,83","72,61","1,88B"
"21/12/2023","70,05","71,47","3,33","69,93","71,54","1,72B"
"20/12/2023","69,39","69,16","-0,32","69,16","70,02","985,29M"
"19/12/2023","69,36","69,39","0,70","69,05","69,72","1,51B"
"18/12/2023","68,76","68,90","0,47","68,44","69,57","1,13B"
"15/12/2023","68,76","68,58","0,63","68,25","68,99","1,59B"
"14/12/2023","68,71","68,15","0,55","68,11","68,95","2,01B"
"13/12/2023","67,32","67,78","0,01","67,14","68,08","1,71B"
"12/12/2023","68,34","67,77","0,18","67,41","68,57","748,00M"
"11/12/2023","66,93","67,65","0,08","66,63","68,00","1,04B"
"08/12/2023","67,87","67,59","0,28","67,16","68,02","1,09B"
"07/12/2023","67,49","67,41","0,32","67,24","67,85","1,18B"
"06/12/2023","68,24","67,19","-0,66","66,96","68,63","1,39B"
"05/12/2023","67,99","67,64","-0,92","67,34","68,12","1,70B"
"04/12/2023","68,93","68,27","-2,25","67,82","69,17","1,53B"
"01/12/2023","69,39","69,84","1,86","69,10","70,08","1,74B"
"30/11/2023","68,72","68,57","0,54","68,45","69,12","2,04B"
"29/11/2023","68,52","68,20","-0,03","67,51","68,71","1,08B"
"28/11/2023","67,11","68,22","0,22","67,00","68,49","1,49B"
"27/11/2023","68,19","68,07","-0,60","67,69","68,58","1,18B"
"24/11/2023","69,17","68,48","-0,85","68,15","69,17","1,14B"
"23/11/2023","69,05","69,06","-0,63","68,78","69,28","709,35M"
"22/11/2023","70,43","69,50","-1,10","68,90","70,63","2,35B"
"21/11/2023","69,72","70,27","2,42","69,32","70,85","3,18B"
"20/11/2023","68,37","68,61","2,45","68,04","69,14","1,98B"
"17/11/2023","66,96","66,97","0,19","66,84","67,34","1,61B"
"16/11/2023","65,94","66,84","0,67","65,86","67,06","2,08B"
"14/11/2023","64,96","66,40","3,10","64,86","67,02","3,46B"
"13/11/2023","64,95","64,40","-0,21","63,98","65,39","928,60M"
"10/11/2023","64,40","64,54","1,53","63,95","64,70","1,43B"
"09/11/2023","63,59","63,57","0,48","63,34","64,17","1,05B"
"08/11/2023","63,25","63,26","0,07","62,98","63,92","1,33B"
"07/11/2023","63,89","63,21","-1,99","62,46","64,13","2,35B"
"06/11/2023","64,22","64,49","0,42","64,22","64,77","1,12B"
"03/11/2023","64,27","64,22","1,25","63,98","64,59","1,83B"
"01/11/2023","62,47","63,43","1,91","62,47","63,77","1,99B"
"31/10/2023","61,13","62,24","1,20","60,95","62,46","1,30B"
"30/10/2023","61,70","61,50","0,90","61,37","62,14","1,64B"
"27/10/2023","59,06","60,95","3,48","58,37","61,12","2,89B"
"26/10/2023","57,55","58,90","2,14","57,38","58,97","1,80B"
"25/10/2023","58,36","57,67","-0,09","57,50","58,79","1,51B"
"24/10/2023","57,73","57,72","2,29","57,34","57,97","1,25B"
"23/10/2023","56,28","56,43","-0,19","56,02","56,76","990,77M"
"20/10/2023","57,12","56,54","-2,70","55,93","57,25","3,26B"
"19/10/2023","58,90","58,11","-1,44","58,11","59,22","1,33B"
"18/10/2023","60,65","58,96","-3,67","58,93","60,71","2,07B"
"17/10/2023","60,44","61,20","0,82","60,07","61,38","1,45B"
"16/10/2023","60,80","60,71","1,07","60,60","61,11","796,06M"
"13/10/2023","60,62","60,07","-1,14","59,95","60,71","975,74M"
"11/10/2023","60,26","60,76","0,87","60,16","60,82","820,97M"
"10/10/2023","60,49","60,24","0,60","60,16","60,86","1,10B"
"09/10/2023","59,29","59,88","-0,72","58,98","59,88","849,52M"
"06/10/2023","59,43","60,31","1,46","59,37","60,84","1,37B"
"05/10/2023","59,42","59,44","0,05","59,23","59,94","683,56M"
"04/10/2023","59,89","59,42","-1,07","59,11","60,24","849,42M"
"03/10/2023","59,61","60,06","-0,61","59,60","60,40","909,84M"
"02/10/2023","60,96","60,43","-0,87","60,09","61,09","673,04M"
"29/09/2023","60,72","60,96","1,32","60,47","61,02","1,15B"
"28/09/2023","59,63","60,16","1,52","59,50","60,47","1,56B"
"27/09/2023","59,62","59,26","0,21","58,91","59,71","1,01B"
"26/09/2023","59,26","59,14","-1,56","58,97","59,77","1,43B"
"25/09/2023","60,44","60,07","-2,06","59,33","60,46","2,07B"
"22/09/2023","61,69","61,34","0,74","61,27","62,12","1,05B"
"21/09/2023","61,61","60,89","-2,61","60,89","61,75","1,32B"
"20/09/2023","62,49","62,52","0,67","62,28","62,93","889,60M"
"19/09/2023","61,94","62,10","0,19","61,53","62,47","2,72B"
"18/09/2023","62,73","61,99","-1,18","61,83","63,19","1,36B"
"15/09/2023","64,04","62,73","-0,83","62,73","64,25","2,36B"
"14/09/2023","62,51","63,25","4,10","62,28","63,76","3,93B"
"13/09/2023","61,04","60,76","-0,38","60,57","61,14","936,13M"
"12/09/2023","61,34","60,99","-0,07","60,83","61,57","862,70M"
"11/09/2023","61,43","61,04","1,44","60,92","61,50","1,19B"
"08/09/2023","60,16","60,17","-1,90","59,75","60,29","1,20B"
"06/09/2023","62,37","61,34","-1,59","61,23","62,77","1,75B"
"05/09/2023","62,23","62,33","-0,43","61,86","62,70","1,19B"
"04/09/2023","62,49","62,60","0,74","62,13","63,19","1,40B"
"01/09/2023","60,16","62,14","5,85","60,10","62,24","3,50B"
"31/08/2023","59,15","58,70","0,15","58,70","59,69","1,83B"
"30/08/2023","58,82","58,61","0,02","58,39","59,42","1,28B"
"29/08/2023","57,17","58,60","3,19","57,04","58,66","1,65B"
"28/08/2023","56,31","56,79","1,43","56,17","57,07","801,27M"
"25/08/2023","56,53","55,99","-0,21","55,84","56,63","636,77M"
"24/08/2023","56,55","56,11","-1,33","55,77","56,55","998,37M"
"23/08/2023","57,05","56,86","0,74","56,86","57,43","2,68B"
"22/08/2023","55,96","56,45","2,25","55,95","56,70","2,55B"
"21/08/2023","55,47","55,20","-0,03","55,04","55,69","881,54M"
"18/08/2023","56,46","55,22","-1,11","55,04","56,00","3,65B"
"17/08/2023","55,38","55,84","1,41","55,67","56,66","3,79B"
"16/08/2023","55,38","55,07","-0,39","55,02","55,86","3,09B"
"15/08/2023","55,88","55,28","-0,99","55,15","55,89","3,71B"
"14/08/2023","56,81","55,84","-3,10","55,84","56,86","2,04B"
"11/08/2023","58,22","57,62","-0,83","57,37","58,39","3,93B"
"10/08/2023","58,76","58,11","-1,18","58,00","59,09","1,65B"
"09/08/2023","59,34","58,80","-0,90","58,61","59,73","1,29B"
"08/08/2023","58,92","59,34","-0,65","58,13","59,94","2,55B"
"07/08/2023","59,50","59,72","0,50","58,83","59,96","1,37B"
"04/08/2023","59,11","59,42","0,07","59,07","60,10","1,37B"
"03/08/2023","58,80","59,38","0,63","58,48","59,71","2,10B"
"02/08/2023","59,58","59,01","-1,63","58,84","59,60","1,73B"
"01/08/2023","60,49","59,99","-1,39","59,72","60,52","1,79B"
"31/07/2023","59,81","60,83","2,26","59,67","61,29","1,58B"
"28/07/2023","61,59","59,49","-3,96","59,49","61,59","2,75B"
"27/07/2023","62,63","61,94","-1,87","61,65","62,66","1,72B"
"26/07/2023","63,11","63,12","-0,35","62,23","63,55","1,20B"
"25/07/2023","63,07","63,34","3,09","63,00","63,91","2,00B"
"24/07/2023","59,55","61,44","3,02","59,38","61,85","1,86B"
"21/07/2023","59,32","59,64","0,61","58,91","59,96","1,46B"
"20/07/2023","59,94","59,27","0,22","59,24","60,24","1,25B"
"19/07/2023","59,36","59,14","-0,27","58,90","59,79","856,00M"
"18/07/2023","59,57","59,30","-0,63","59,18","60,05","1,00B"
"17/07/2023","60,10","59,68","-1,11","58,96","60,10","908,47M"
"14/07/2023","60,86","60,35","0,00","60,04","60,95","1,22B"
"13/07/2023","60,00","60,35","2,33","59,74","60,52","1,45B"
"12/07/2023","59,81","58,98","0,71","58,93","59,88","1,35B"
"11/07/2023","57,24","58,56","3,29","57,07","58,94","2,06B"
"10/07/2023","56,73","56,70","-1,53","56,58","57,34","2,08B"
"07/07/2023","56,72","57,58","0,94","56,57","57,70","3,27B"
"06/07/2023","56,93","57,04","-0,72","56,68","57,69","1,06B"
"05/07/2023","57,71","57,45","-0,88","57,18","57,93","1,56B"
"04/07/2023","57,91","57,96","-0,50","57,88","58,46","719,96M"
"03/07/2023","56,92","58,25","3,13","56,86","58,49","1,32B"
"30/06/2023","57,80","56,49","-1,97","56,49","58,11","3,22B"
"29/06/2023","56,93","57,62","1,22","56,60","57,99","3,41B"
"28/06/2023","58,74","56,93","-3,16","56,93","58,77","3,28B"
"27/06/2023","58,84","58,78","1,20","58,45","59,18","2,05B"
"26/06/2023","57,67","58,09","0,21","57,45","58,32","812,46M"
"23/06/2023","58,05","57,96","-1,10","57,44","58,14","2,50B"
"22/06/2023","58,64","58,61","-0,45","58,32","59,69","2,76B"
"21/06/2023","58,99","58,87","-1,01","58,69","59,23","3,60B"
"20/06/2023","60,69","59,47","-2,58","59,20","60,71","2,86B"
"19/06/2023","61,26","61,04","-0,39","60,41","61,26","822,91M"
"16/06/2023","61,04","61,28","0,16","60,88","61,75","3,32B"
"15/06/2023","60,78","61,18","0,78","60,13","61,26","5,05B"
"14/06/2023","60,68","60,71","1,75","60,24","61,23","5,10B"
"13/06/2023","60,08","59,66","1,06","59,47","60,31","3,43B"
"12/06/2023","59,64","59,04","-1,81","58,67","59,64","1,44B"
"09/06/2023","61,28","60,13","-0,45","60,03","61,39","3,32B"
"07/06/2023","59,46","60,40","1,58","59,28","60,41","3,52B"
"06/06/2023","59,64","59,46","0,33","59,28","60,15","3,04B"
"05/06/2023","60,22","59,27","-0,82","58,61","60,23","1,16B"
"02/06/2023","59,81","59,76","4,27","59,26","59,99","5,14B"
"01/06/2023","57,12","57,31","2,12","56,43","57,85","8,76B"
"31/05/2023","56,54","56,13","-0,73","55,86","57,06","6,68B"
"30/05/2023","58,33","56,54","-2,35","56,18","58,33","3,13B"
"29/05/2023","59,23","57,90","-0,75","57,82","59,55","938,57M"
"26/05/2023","58,71","58,34","2,28","57,97","58,97","4,13B"
"25/05/2023","57,88","57,04","-0,31","56,98","57,88","3,87B"
"24/05/2023","57,86","57,22","-2,27","57,01","57,86","3,99B"
"23/05/2023","59,37","58,54","-2,26","58,50","59,54","3,24B"
"22/05/2023","60,16","59,90","-1,60","59,61","60,60","1,04B"
"19/05/2023","62,01","60,88","-1,10","60,81","62,11","2,94B"
"18/05/2023","61,46","61,55","0,14","60,80","61,85","3,10B"
"17/05/2023","60,80","61,46","3,31","60,52","61,78","3,20B"
"16/05/2023","60,69","59,49","-2,06","59,46","60,87","2,56B"
"15/05/2023","60,95","60,74","1,44","60,62","61,68","1,16B"
"12/05/2023","59,72","59,88","0,10","59,29","60,31","2,61B"
"11/05/2023","59,81","59,82","-1,95","59,25","60,07","3,05B"
"10/05/2023","62,35","61,01","-1,88","60,42","62,50","2,55B"
"09/05/2023","61,13","62,18","1,03","60,41","62,20","2,61B"
"08/05/2023","62,19","61,54","1,35","61,44","62,55","1,46B"
"05/05/2023","59,54","60,73","3,26","59,13","60,91","3,67B"
"04/05/2023","60,74","58,81","-3,10","58,68","60,98","3,24B"
"03/05/2023","61,52","60,69","-0,73","60,57","61,64","3,39B"
"02/05/2023","62,71","61,14","-3,99","60,97","61,66","2,11B"
"28/04/2023","63,00","63,68","0,89","62,50","63,70","3,10B"
"27/04/2023","61,31","63,12","2,12","60,85","63,14","3,45B"
"26/04/2023","62,45","61,81","0,39","61,81","62,83","3,38B"
"25/04/2023","62,63","61,57","-2,72","61,32","62,63","3,72B"
"24/04/2023","63,51","63,29","-3,62","62,97","63,80","1,65B"
"20/04/2023","66,76","65,67","-2,09","65,56","67,25","3,78B"
"19/04/2023","67,99","67,07","-2,92","65,99","68,27","3,01B"
"18/04/2023","69,30","69,08","0,86","68,31","69,43","2,42B"
"17/04/2023","69,91","68,49","-1,19","68,12","70,75","1,35B"
"14/04/2023","69,57","69,32","-0,88","68,61","70,19","2,94B"
"13/04/2023","70,37","69,94","-1,35","69,46","71,00","3,67B"
"12/04/2023","72,79","70,89","-2,14","70,62","72,83","4,58B"
"11/04/2023","70,81","72,44","5,28","70,42","72,96","3,24B"
"10/04/2023","67,51","68,81","1,93","67,50","68,83","941,09M"
"06/04/2023","67,44","67,51","-0,18","67,09","68,17","2,56B"
"05/04/2023","68,39","67,63","-1,47","66,76","68,40","3,02B"
"04/04/2023","70,33","68,64","-2,83","68,39","70,51","2,34B"
"03/04/2023","70,19","70,64","0,02","69,85","70,71","870,84M"
"31/03/2023","71,77","70,62","-1,87","70,29","72,28","2,40B"
"30/03/2023","71,86","71,97","1,63","71,38","72,08","2,13B"
"29/03/2023","70,36","70,81","1,44","70,23","71,11","2,05B"
"28/03/2023","69,24","69,81","1,06","69,13","70,28","1,84B"
"27/03/2023","69,94","69,08","-0,17","68,63","70,44","911,86M"
"24/03/2023","70,09","69,20","-1,14","68,69","70,24","3,54B"
"23/03/2023","71,70","70,00","-2,57","69,32","72,28","2,94B"
"22/03/2023","72,13","71,84","-1,25","71,78","72,79","2,29B"
"21/03/2023","73,20","72,75","-0,84","71,72","73,39","2,44B"
"20/03/2023","72,76","73,37","0,82","71,96","73,88","1,28B"
"17/03/2023","72,93","72,77","1,20","72,68","73,44","2,67B"
"16/03/2023","71,44","71,91","0,37","70,99","72,26","3,70B"
"15/03/2023","72,13","71,64","-3,01","70,45","73,08","3,65B"
"14/03/2023","73,11","73,87","0,91","72,92","74,19","1,21B"
"13/03/2023","72,61","73,20","0,41","72,36","74,02","1,56B"
"10/03/2023","72,81","72,90","-0,33","72,53","74,17","1,60B"
"09/03/2023","73,27","73,14","-1,31","73,00","74,44","1,80B"
"08/03/2023","73,67","74,11","0,91","73,50","74,37","1,65B"
"07/03/2023","74,75","73,44","-0,95","72,98","75,22","1,54B"
"06/03/2023","75,25","74,15","-3,53","74,12","75,65","1,72B"
"03/03/2023","77,54","76,86","0,34","76,43","77,72","1,52B"
"02/03/2023","76,77","76,60","-0,22","76,10","77,58","1,67B"
"01/03/2023","75,54","76,77","4,55","75,31","77,33","2,37B"
"28/02/2023","73,21","73,43","0,33","72,59","74,45","1,56B"
"27/02/2023","72,78","73,19","0,00","71,99","73,48","1,05B"
"24/02/2023","74,06","73,19","-2,20","72,85","74,43","1,26B"
"23/02/2023","74,88","74,83","-0,47","73,63","75,80","1,60B"
"22/02/2023","74,92","75,19","-0,76","74,51","76,12","1,27B"
"17/02/2023","77,11","75,76","-1,30","75,34","77,24","2,00B"
"16/02/2023","76,85","76,76","0,21","76,51","77,68","2,22B"
"15/02/2023","74,96","76,60","2,18","74,50","76,80","2,16B"
"14/02/2023","74,88","74,96","0,45","74,47","75,50","1,51B"
"13/02/2023","73,95","74,63","-0,10","73,41","74,97","1,03B"
"10/02/2023","75,89","74,70","-1,80","74,33","76,56","1,36B"
"09/02/2023","76,36","76,07","-0,37","75,28","77,07","1,51B"
"08/02/2023","76,68","76,36","0,34","75,39","76,92","1,10B"
"07/02/2023","75,38","76,10","0,66","74,87","76,32","1,23B"
"06/02/2023","75,91","75,60","-1,25","74,58","75,95","1,35B"
"03/02/2023","77,25","76,56","-0,21","76,33","78,12","1,74B"
"02/02/2023","78,91","76,72","-4,62","76,48","79,15","2,93B"
"01/02/2023","81,93","80,44","-1,11","78,83","81,93","2,30B"
"31/01/2023","81,17","81,34","-0,49","80,77","81,66","1,68B"
"30/01/2023","82,54","81,74","-0,36","81,06","82,88","1,95B"
"27/01/2023","84,21","82,04","-2,73","81,62","84,59","2,86B"
"26/01/2023","83,05","84,34","1,87","82,96","84,34","2,25B"
"25/01/2023","81,93","82,79","0,94","81,56","82,97","1,50B"
"24/01/2023","81,17","82,02","1,06","80,21","82,02","1,42B"
"23/01/2023","81,20","81,16","0,33","80,64","81,50","1,10B"
"20/01/2023","80,82","80,89","0,27","80,47","81,39","3,54B"
"19/01/2023","80,73","80,68","0,43","80,32","81,22","1,76B"
"18/01/2023","80,09","80,33","1,31","79,96","81,11","1,35B"
"17/01/2023","79,62","79,29","-0,13","79,03","80,25","1,49B"
"16/01/2023","79,18","79,40","-1,67","78,17","79,52","1,54B"
"13/01/2023","80,63","80,75","0,09","80,35","81,14","1,37B"
"12/01/2023","80,45","80,68","0,53","79,99","81,16","1,46B"
"11/01/2023","80,89","80,26","-0,35","79,40","81,31","1,91B"
"10/01/2023","79,60","80,54","1,23","79,47","80,82","1,59B"
"09/01/2023","78,78","79,56","0,11","78,53","80,03","1,53B"
"06/01/2023","78,32","79,47","1,58","78,32","79,82","2,49B"
"05/01/2023","76,99","78,23","1,68","76,60","78,90","2,27B"
"04/01/2023","76,86","76,94","0,18","75,69","77,16","2,02B"
"03/01/2023","76,94","76,80","-0,18","76,50","77,54","1,95B"
"02/01/2023","76,32","76,94","0,59","76,19","77,37","983,35M"
"29/12/2022","76,60","76,49","-0,12","76,45","77,42","2,90B"
"28/12/2022","76,76","76,59","-0,22","76,34","77,64","1,79B"
"27/12/2022","75,74","76,76","2,39","75,28","77,16","2,04B"
"26/12/2022","74,38","74,97","0,92","74,30","75,34","1,38B"
"23/12/2022","73,40","74,29","0,66","73,22","74,46","1,38B"
"22/12/2022","74,26","73,80","-0,57","72,89","74,58","4,25B"
"21/12/2022","74,79","74,22","0,57","73,84","75,22","2,91B"
"20/12/2022","73,47","73,80","0,45","73,42","75,09","1,68B"
"19/12/2022","73,16","73,47","-0,36","72,50","73,66","2,02B"
"16/12/2022","74,88","73,74","-1,71","72,73","75,15","2,78B"
"15/12/2022","75,21","75,02","0,32","74,78","75,88","1,87B"
"14/12/2022","73,80","74,78","0,85","73,59","75,16","2,58B"
"13/12/2022","74,23","74,15","0,37","73,70","75,22","2,35B"
"12/12/2022","75,65","73,88","-2,99","73,27","75,78","2,59B"
"09/12/2022","75,57","76,15","3,33","75,11","76,84","2,88B"
"08/12/2022","73,37","73,70","1,23","73,24","74,87","2,21B"
"07/12/2022","73,72","72,81","-3,56","71,96","74,16","3,31B"
"06/12/2022","74,65","75,49","1,45","74,56","76,32","1,61B"
"05/12/2022","75,43","74,41","-0,10","74,38","76,37","1,65B"
"02/12/2022","74,45","74,49","0,72","72,92","75,29","2,25B"
"01/12/2022","74,16","73,96","0,55","72,71","74,44","2,53B"
"30/11/2022","72,94","73,55","1,50","72,74","74,33","4,42B"
"29/11/2022","71,10","72,46","3,86","70,90","73,53","3,10B"
"28/11/2022","69,17","69,77","0,49","68,24","70,66","1,13B"
"25/11/2022","70,37","69,42","-0,68","69,24","71,12","1,44B"
"24/11/2022","69,95","69,90","0,64","69,18","70,70","869,07M"
"23/11/2022","69,45","69,45","0,99","68,60","69,82","1,55B"
"22/11/2022","68,61","68,77","0,28","68,13","69,91","1,87B"
"21/11/2022","67,88","68,58","-1,13","67,18","68,82","1,89B"
"18/11/2022","72,39","69,36","-2,73","69,25","72,51","3,09B"
"17/11/2022","69,40","71,31","0,80","69,29","71,48","2,24B"
"16/11/2022","71,50","70,75","-1,04","69,97","72,75","2,34B"
"14/11/2022","70,70","71,49","1,23","69,84","72,46","3,12B"
"11/11/2022","66,93","70,63","10,40","66,26","71,22","5,52B"
"10/11/2022","61,36","63,98","1,91","61,26","64,76","3,04B"
"09/11/2022","63,59","62,77","-1,22","62,23","64,17","2,67B"
"08/11/2022","61,49","63,55","3,03","61,49","64,30","2,53B"
"07/11/2022","61,79","61,68","-0,53","61,31","62,67","1,82B"
"04/11/2022","61,06","62,00","7,60","60,76","62,98","3,78B"
"03/11/2022","58,05","57,63","-2,92","57,14","58,30","1,98B"
"01/11/2022","59,60","59,36","3,04","59,17","60,76","4,72B"
"31/10/2022","56,64","57,61","-0,47","56,23","59,56","2,25B"
"28/10/2022","58,86","57,88","-4,88","57,20","59,26","3,05B"
"27/10/2022","61,79","60,85","-3,56","59,58","61,89","3,16B"
"26/10/2022","61,17","63,10","2,22","61,03","64,23","2,57B"
"25/10/2022","61,45","61,73","0,00","60,86","62,88","1,74B"
"24/10/2022","62,88","61,73","-2,97","61,08","63,46","1,98B"
"21/10/2022","61,62","63,62","2,93","61,31","64,09","2,31B"
"20/10/2022","60,91","61,80","1,28","60,35","62,81","3,20B"
"19/10/2022","61,47","61,02","-1,18","60,57","61,90","1,38B"
"18/10/2022","62,04","61,75","1,83","60,71","62,50","1,69B"
"17/10/2022","60,25","60,65","1,20","59,44","61,13","1,56B"
"14/10/2022","62,31","59,92","-3,26","59,73","62,95","2,05B"
"13/10/2022","62,00","61,94","-1,78","60,97","62,47","2,02B"
"11/10/2022","62,82","63,07","-0,68","61,81","63,66","4,84B"
"10/10/2022","65,57","63,49","-2,01","63,06","66,09","2,90B"
"07/10/2022","64,67","64,80","-0,05","64,50","68,17","5,53B"
"06/10/2022","66,25","64,83","-1,83","64,29","66,57","4,99B"
"05/10/2022","65,47","66,04","1,54","65,32","66,82","2,79B"
"04/10/2022","63,68","65,04","2,42","63,55","65,43","2,70B"
"03/10/2022","62,85","63,50","2,72","61,04","63,65","2,67B"
"30/09/2022","58,78","61,82","5,28","58,58","62,56","3,40B"
"29/09/2022","58,29","58,72","0,13","57,80","59,02","2,04B"
"28/09/2022","58,11","58,65","0,95","57,87","59,08","1,42B"
"27/09/2022","58,85","58,10","-0,44","57,66","59,04","1,84B"
"26/09/2022","58,10","58,35","-0,83","58,05","59,57","2,03B"
"23/09/2022","58,96","58,84","-2,07","58,21","59,26","2,58B"
"22/09/2022","60,22","60,09","2,29","59,45","60,67","2,07B"
"21/09/2022","59,60","58,74","-1,44","58,71","60,06","2,63B"
"20/09/2022","59,90","59,60","-1,43","58,70","60,16","2,09B"
"19/09/2022","57,87","60,47","3,24","57,78","60,55","2,02B"
"16/09/2022","57,74","58,57","-0,15","57,14","59,08","3,80B"
"15/09/2022","58,18","58,65","2,01","57,65","58,90","2,15B"
"14/09/2022","58,14","57,50","-1,83","57,04","59,20","1,79B"
"13/09/2022","59,49","58,57","-2,71","58,43","60,93","1,75B"
"12/09/2022","60,15","60,20","0,86","59,44","60,59","1,41B"
"09/09/2022","57,11","59,68","7,81","56,84","59,76","2,86B"
"08/09/2022","55,07","55,36","1,32","54,54","55,52","1,33B"
"06/09/2022","55,50","54,64","-2,38","54,57","56,25","1,35B"
"05/09/2022","55,31","55,97","3,66","55,12","57,05","1,36B"
"02/09/2022","55,34","53,99","-1,52","53,99","55,63","2,71B"
"01/09/2022","54,90","54,83","-0,95","53,12","54,90","2,21B"
"31/08/2022","56,14","55,35","-0,72","55,35","56,36","1,83B"
"30/08/2022","56,59","55,75","-2,90","55,27","57,14","1,92B"
"29/08/2022","57,93","57,42","-1,94","57,37","58,27","1,27B"
"26/08/2022","59,77","58,55","-1,50","58,55","61,10","1,69B"
"25/08/2022","59,13","59,44","1,94","58,57","59,58","1,47B"
"24/08/2022","59,88","58,31","-3,22","58,19","60,29","3,83B"
"23/08/2022","57,31","60,25","6,41","57,20","60,33","2,20B"
"22/08/2022","57,32","56,62","-1,46","56,49","57,42","1,10B"
"19/08/2022","57,50","57,46","-1,12","57,05","57,87","2,61B"
"18/08/2022","58,61","58,11","-0,75","58,11","58,88","1,60B"
"17/08/2022","58,63","58,55","-2,46","58,26","59,04","1,70B"
"16/08/2022","59,64","60,03","2,42","59,31","60,37","1,32B"
"15/08/2022","58,35","58,61","-2,15","57,53","58,83","1,55B"
"12/08/2022","59,02","59,90","0,95","58,61","59,90","2,10B"
"11/08/2022","57,95","59,33","3,48","57,74","60,28","3,02B"
"10/08/2022","57,89","57,34","0,07","56,57","57,96","1,71B"
"09/08/2022","56,14","57,29","2,07","55,78","57,43","1,99B"
"08/08/2022","56,34","56,13","0,85","55,46","56,59","1,99B"
"05/08/2022","55,57","55,66","1,30","55,25","56,27","2,01B"
"04/08/2022","55,39","54,95","-0,58","54,69","55,70","2,22B"
"03/08/2022","57,34","55,26","-3,89","55,26","57,42","1,77B"
"02/08/2022","55,93","57,50","3,19","54,82","57,68","1,84B"
"01/08/2022","56,43","55,72","-2,39","55,60","57,17","2,17B"
"29/07/2022","57,02","57,09","-1,33","55,68","57,56","4,37B"
"28/07/2022","58,49","57,86","0,24","57,55","58,91","1,26B"
"27/07/2022","57,27","57,72","0,23","56,73","57,80","1,04B"
"26/07/2022","58,38","57,59","-0,18","56,95","58,46","1,13B"
"25/07/2022","57,84","57,70","1,85","57,33","58,30","1,14B"
"22/07/2022","57,13","56,65","0,93","56,45","57,91","1,59B"
"21/07/2022","55,09","56,12","1,75","54,54","56,17","1,50B"
"20/07/2022","56,03","55,16","-2,16","54,17","56,05","2,21B"
"19/07/2022","55,83","56,38","0,22","55,65","56,70","1,22B"
"18/07/2022","57,61","56,26","0,53","56,23","57,61","1,25B"
"15/07/2022","55,25","55,96","0,62","54,55","56,06","2,01B"
"14/07/2022","57,70","55,62","-6,66","55,30","57,97","3,22B"
"13/07/2022","59,71","59,59","-0,34","59,19","60,27","1,37B"
"12/07/2022","58,93","59,79","0,30","58,16","59,89","1,32B"
"11/07/2022","60,69","59,61","-3,41","59,39","60,70","1,31B"
"08/07/2022","62,89","61,71","-2,31","61,63","63,73","1,50B"
"07/07/2022","63,24","63,17","2,91","62,93","64,02","2,17B"
"06/07/2022","61,10","61,39","0,94","60,19","61,76","1,41B"
"05/07/2022","60,85","60,81","-0,50","59,40","60,91","1,59B"
"04/07/2022","60,57","61,12","-0,57","60,23","61,40","754,13M"
"01/07/2022","61,81","61,47","-1,91","60,41","62,64","1,63B"
"30/06/2022","63,02","62,66","-2,83","62,35","63,88","1,72B"
"29/06/2022","65,16","64,49","-0,83","63,88","65,55","1,20B"
"28/06/2022","65,48","65,03","1,79","64,48","65,67","1,69B"
"27/06/2022","62,61","63,88","4,60","62,25","64,64","1,83B"
"24/06/2022","59,57","61,08","2,78","59,42","61,29","1,35B"
"23/06/2022","62,57","59,42","-3,65","59,28","63,28","1,91B"
"22/06/2022","60,57","61,67","-0,86","60,06","62,25","1,97B"
"21/06/2022","62,86","62,21","0,66","62,01","63,55","1,31B"
"20/06/2022","61,88","61,80","-2,47","60,77","62,35","1,65B"
"17/06/2022","64,95","63,36","-5,22","62,30","64,95","3,58B"
"15/06/2022","67,20","66,85","-0,06","66,74","68,57","1,95B"
"14/06/2022","67,39","66,89","-0,20","66,21","67,77","1,51B"
"13/06/2022","67,20","67,02","-3,17","65,56","67,83","2,06B"
"10/06/2022","68,24","69,21","0,02","67,43","69,56","1,95B"
"09/06/2022","71,21","69,20","-3,38","69,12","71,21","2,52B"
"08/06/2022","73,48","71,62","-3,44","71,09","73,93","1,94B"
"07/06/2022","72,22","74,17","2,34","72,12","74,39","1,99B"
"06/06/2022","73,37","72,48","0,10","72,48","73,49","1,08B"
"03/06/2022","73,26","72,40","-1,60","72,32","73,52","1,34B"
"02/06/2022","73,66","73,58","1,88","72,85","73,89","1,84B"
"01/06/2022","70,55","72,22","2,35","70,39","72,67","1,85B"
"31/05/2022","71,39","70,56","-0,51","69,58","71,56","2,90B"
"30/05/2022","70,62","70,92","1,09","70,40","71,54","1,12B"
"27/05/2022","69,49","70,16","1,74","69,33","70,29","1,26B"
"26/05/2022","68,88","68,96","-0,06","68,02","69,29","1,88B"
"25/05/2022","68,75","69,00","0,31","68,27","69,41","1,69B"
"24/05/2022","66,97","68,79","1,35","66,30","68,83","2,38B"
"23/05/2022","67,36","67,87","2,04","67,34","68,47","1,88B"
"20/05/2022","67,12","66,51","1,77","65,95","67,49","2,55B"
"19/05/2022","63,66","65,36","2,66","63,41","65,79","1,95B"
"18/05/2022","64,42","63,66","-2,53","63,37","64,87","1,95B"
"17/05/2022","66,99","65,32","-0,42","64,55","67,05","1,91B"
"16/05/2022","64,40","65,59","2,99","64,27","66,00","1,56B"
"13/05/2022","64,19","63,69","-0,12","63,68","64,95","1,66B"
"12/05/2022","63,07","63,76","-1,00","62,10","63,76","1,75B"
"11/05/2022","63,33","64,41","4,17","63,12","65,39","2,19B"
"10/05/2022","62,43","61,83","-1,24","61,28","62,98","1,97B"
"09/05/2022","63,46","62,61","-4,10","62,27","63,83","2,33B"
"06/05/2022","64,83","65,28","-0,71","64,05","66,22","1,64B"
"05/05/2022","66,75","65,75","-1,81","64,73","68,10","2,03B"
"04/05/2022","67,06","66,96","-0,84","65,36","67,26","2,24B"
"03/05/2022","67,89","67,53","-0,51","67,27","68,93","1,86B"
"02/05/2022","68,07","67,87","-0,44","66,00","68,10","2,10B"
"29/04/2022","70,54","68,17","-1,08","68,17","71,37","3,29B"
"28/04/2022","69,59","68,92","2,47","66,16","70,02","3,82B"
"27/04/2022","65,86","67,26","5,35","65,60","67,69","3,29B"
"26/04/2022","64,73","63,84","-1,37","63,72","64,92","2,37B"
"25/04/2022","63,79","64,73","-1,70","63,47","65,16","2,49B"
"22/04/2022","68,14","65,85","-5,80","65,55","68,26","2,58B"
"20/04/2022","70,89","69,90","-2,60","69,08","70,94","2,06B"
"19/04/2022","73,41","71,77","-3,19","71,08","73,41","2,48B"
"18/04/2022","74,98","74,13","-1,65","73,67","75,30","1,09B"
"14/04/2022","76,37","75,38","-1,40","74,78","76,94","1,86B"
"13/04/2022","76,52","76,45","0,03","75,96","77,25","1,81B"
"12/04/2022","77,84","76,42","-0,67","76,32","78,26","1,29B"
"11/04/2022","76,78","76,94","-1,21","76,05","77,52","1,27B"
"08/04/2022","79,10","77,88","-2,04","77,45","79,72","2,10B"
"07/04/2022","78,17","79,50","0,60","77,87","79,96","1,57B"
"06/04/2022","78,03","79,03","1,51","78,03","79,16","1,78B"
"05/04/2022","79,69","77,85","-2,89","77,61","80,03","2,03B"
"04/04/2022","79,21","80,16","1,01","79,03","80,42","1,35B"
"01/04/2022","79,21","79,36","1,42","78,63","79,80","1,78B"
"31/03/2022","78,92","78,25","-0,28","78,05","79,30","1,40B"
"30/03/2022","78,84","78,47","1,43","77,98","79,48","1,73B"
"29/03/2022","78,04","77,36","-0,86","76,45","78,30","2,96B"
"28/03/2022","78,33","78,04","0,12","76,62","78,85","1,26B"
"25/03/2022","79,97","77,95","-1,73","77,18","80,46","1,75B"
"24/03/2022","78,74","79,32","0,54","78,01","79,89","1,82B"
"23/03/2022","79,80","78,89","-0,22","78,81","80,98","2,09B"
"22/03/2022","80,63","79,07","-2,24","78,73","81,00","2,33B"
"21/03/2022","79,66","80,88","2,83","79,52","81,38","2,04B"
"18/03/2022","78,09","78,65","1,90","76,78","78,65","1,79B"
"17/03/2022","76,04","77,18","3,48","75,76","77,74","3,12B"
"16/03/2022","75,21","74,59","2,43","73,10","76,84","2,81B"
"15/03/2022","72,84","72,82","-2,87","71,44","73,32","3,15B"
"14/03/2022","77,74","74,97","-5,36","74,69","77,92","2,80B"
"11/03/2022","79,75","79,22","-0,52","79,20","80,55","1,94B"
"10/03/2022","77,35","79,64","3,30","77,00","79,64","2,60B"
"09/03/2022","78,40","77,09","-2,63","75,76","78,41","3,15B"
"08/03/2022","84,32","79,17","-4,39","78,59","84,41","4,27B"
"07/03/2022","82,31","82,81","3,04","81,86","83,46","4,58B"
"04/03/2022","77,77","80,36","2,28","77,33","80,46","2,42B"
"03/03/2022","78,97","78,57","0,05","78,42","79,80","3,05B"
"02/03/2022","78,00","78,53","7,99","76,49","78,57","3,28B"
"25/02/2022","68,19","72,73","5,41","67,07","72,83","3,61B"
"24/02/2022","66,69","68,99","1,24","65,99","69,38","2,51B"
"23/02/2022","69,42","68,15","-1,05","67,42","69,62","1,67B"
"22/02/2022","68,32","68,87","1,73","67,62","68,88","1,61B"
"21/02/2022","68,25","67,70","0,08","67,38","69,35","999,03M"
"18/02/2022","68,12","67,64","0,21","67,33","68,59","1,53B"
"17/02/2022","70,02","67,50","-4,30","67,28","70,14","2,47B"
"16/02/2022","70,49","70,54","0,73","70,22","71,42","1,47B"
"15/02/2022","70,16","70,02","-2,97","69,12","70,88","2,08B"
"14/02/2022","71,80","72,17","-0,44","71,58","72,64","1,64B"
"11/02/2022","73,58","72,48","-2,02","72,19","73,61","2,52B"
"10/02/2022","72,86","73,98","2,69","72,53","74,46","3,53B"
"09/02/2022","70,93","72,04","0,02","70,40","72,35","1,78B"
"08/02/2022","71,28","72,03","1,40","70,54","72,10","1,90B"
"07/02/2022","69,47","71,03","2,44","69,47","71,12","1,76B"
"04/02/2022","67,58","69,34","2,60","67,42","69,49","1,69B"
"03/02/2022","68,01","67,58","-0,05","67,24","68,39","1,30B"
"02/02/2022","67,38","67,61","0,56","66,77","68,01","1,18B"
"01/02/2022","64,23","67,23","5,49","64,13","67,25","1,59B"
"31/01/2022","65,37","63,73","-3,33","63,73","65,37","2,02B"
"28/01/2022","67,45","65,93","-0,98","65,28","68,05","1,89B"
"27/01/2022","66,99","66,59","0,23","65,63","67,35","1,40B"
"26/01/2022","67,70","66,44","0,29","66,06","68,22","1,73B"
"25/01/2022","66,25","66,25","0,23","65,45","67,03","1,49B"
"24/01/2022","65,96","66,10","-1,22","64,69","66,17","1,90B"
"21/01/2022","68,15","66,92","-2,08","66,47","68,35","2,20B"
"20/01/2022","69,98","68,34","-1,70","68,28","70,12","1,57B"
"19/01/2022","69,73","69,52","2,20","69,26","70,14","2,04B"
"18/01/2022","66,66","68,02","2,45","66,58","68,47","1,63B"
"17/01/2022","66,20","66,40","-0,52","66,20","66,67","643,60M"
"14/01/2022","65,98","66,74","0,58","65,34","66,93","1,40B"
"13/01/2022","66,86","66,36","-1,52","65,96","67,17","1,54B"
"12/01/2022","68,16","67,38","1,09","66,93","68,23","1,85B"
"11/01/2022","65,79","66,66","1,90","65,66","67,11","1,89B"
"10/01/2022","65,01","65,41","-1,19","64,86","66,41","1,64B"
"07/01/2022","63,36","66,20","5,82","62,88","66,20","2,28B"
"06/01/2022","61,98","62,56","2,02","61,72","63,32","1,30B"
"05/01/2022","60,98","61,32","0,95","60,79","62,01","1,35B"
"04/01/2022","61,87","60,75","-1,18","60,61","62,32","1,11B"
"03/01/2022","62,26","61,47","0,05","61,47","63,02","1,15B"
"30/12/2021","61,46","61,44","0,92","61,16","62,24","1,64B"
"29/12/2021","60,20","60,88","0,59","60,17","61,46","738,38M"
"28/12/2021","61,87","60,53","-2,72","60,35","61,89","1,15B"
"27/12/2021","62,16","62,22","-0,25","61,68","62,61","707,72M"
"23/12/2021","63,01","62,38","-0,96","62,10","63,10","820,61M"
"22/12/2021","62,96","62,99","-0,52","61,93","63,17","1,17B"
"21/12/2021","62,89","63,32","2,63","62,38","63,36","1,23B"
"20/12/2021","61,47","61,69","-1,12","60,90","62,18","1,18B"
"17/12/2021","62,97","62,39","-1,58","62,32","63,58","2,41B"
"16/12/2021","62,26","63,40","3,91","61,83","63,41","1,66B"
"15/12/2021","61,54","61,01","-0,57","60,05","61,61","1,34B"
"14/12/2021","61,88","61,35","-0,01","60,87","62,17","1,30B"
"13/12/2021","61,08","61,36","2,92","60,99","62,05","1,61B"
"10/12/2021","59,50","59,62","0,63","58,98","60,05","1,00B"
"09/12/2021","59,02","59,25","-0,77","58,67","59,86","1,00B"
"08/12/2021","60,68","59,71","-0,75","59,09","60,68","1,45B"
"07/12/2021","61,69","60,16","0,74","59,97","62,90","2,27B"
"06/12/2021","57,43","59,71","5,43","56,71","59,89","1,70B"
"03/12/2021","57,60","56,64","-2,20","55,96","58,59","1,96B"
"02/12/2021","55,93","57,92","4,64","55,25","57,97","1,42B"
"01/12/2021","56,19","55,35","0,40","55,14","56,70","1,58B"
"30/11/2021","54,38","55,13","0,65","54,14","56,33","2,35B"
"29/11/2021","55,39","54,77","1,25","54,51","55,64","998,93M"
"26/11/2021","53,20","54,10","-2,64","53,20","54,66","1,22B"
"25/11/2021","56,18","55,56","-0,68","55,01","56,18","952,98M"
"24/11/2021","55,25","55,94","2,32","54,78","55,94","1,15B"
"23/11/2021","55,65","54,67","2,63","54,54","56,72","1,68B"
"22/11/2021","51,66","53,27","5,56","51,35","54,40","2,39B"
"19/11/2021","49,86","50,46","2,73","49,50","51,07","1,35B"
"18/11/2021","50,60","49,12","-4,11","48,74","50,95","2,54B"
"17/11/2021","52,80","51,23","-2,01","51,23","53,36","1,33B"
"16/11/2021","53,59","52,28","-2,88","52,16","53,65","905,99M"
"12/11/2021","52,95","53,83","0,43","52,81","54,84","1,33B"
"11/11/2021","53,95","53,60","3,53","53,28","54,58","1,55B"
"10/11/2021","50,92","51,77","-0,38","50,75","52,24","1,16B"
"09/11/2021","53,00","51,97","-2,46","51,41","53,04","1,09B"
"08/11/2021","50,75","53,28","5,44","50,70","53,71","1,46B"
"05/11/2021","52,35","50,53","-2,97","50,44","52,54","1,82B"
"04/11/2021","52,72","52,07","-1,14","51,72","53,29","1,56B"
"03/11/2021","55,64","52,67","-7,59","52,50","55,88","4,10B"
"01/11/2021","n/d","57,00","0,99","56,07","57,42","1,00B"
"29/10/2021","57,55","56,44","-2,84","55,97","57,66","1,70B"
"28/10/2021","58,67","58,08","-1,01","57,97","58,86","1,31B"
"27/10/2021","59,88","58,67","-2,27","58,67","60,47","1,19B"
"26/10/2021","60,69","60,04","-1,06","59,95","60,74","1,00B"
"25/10/2021","60,84","60,68","1,21","60,19","61,13","1,08B"
"22/10/2021","58,85","59,96","1,22","58,82","60,76","2,11B"
"21/10/2021","58,71","59,23","-1,64","57,49","59,23","1,85B"
"20/10/2021","61,76","60,22","-3,28","60,12","61,76","1,65B"
"19/10/2021","62,83","62,26","-1,15","62,11","63,24","1,29B"
"18/10/2021","62,98","62,99","-0,94","61,85","63,36","1,30B"
"15/10/2021","62,65","63,58","1,87","62,50","63,80","1,64B"
"14/10/2021","63,04","62,42","0,00","62,36","63,24","1,50B"
"13/10/2021","63,68","62,42","-2,96","62,39","63,68","1,99B"
"11/10/2021","64,55","64,33","2,22","63,63","65,49","1,83B"
"08/10/2021","64,20","62,93","0,62","62,73","64,50","2,35B"
"07/10/2021","61,74","62,54","2,98","61,24","63,34","2,07B"
"06/10/2021","58,37","60,73","2,82","58,26","60,90","1,63B"
"05/10/2021","59,89","59,07","-0,72","59,07","59,97","1,29B"
"04/10/2021","60,36","59,49","-0,93","59,45","60,68","1,50B"
"01/10/2021","60,49","60,05","-0,05","59,64","60,93","1,37B"
"30/09/2021","61,00","60,09","0,58","59,68","61,74","2,37B"
"29/09/2021","59,71","59,74","1,27","58,99","60,53","2,38B"
"28/09/2021","61,06","58,99","-5,01","58,76","61,31","2,13B"
"27/09/2021","61,94","62,10","1,43","60,29","62,52","2,37B"
"24/09/2021","61,70","61,23","-1,55","60,68","62,09","1,62B"
"23/09/2021","62,42","62,19","0,00","61,17","63,32","2,94B"
"22/09/2021","62,90","62,19","3,55","61,76","63,88","3,86B"
"21/09/2021","60,47","60,05","0,97","58,91","60,47","1,92B"
"20/09/2021","59,11","59,48","-3,30","57,93","59,93","2,90B"
"17/09/2021","63,03","61,50","-2,02","60,74","63,39","4,57B"
"16/09/2021","64,56","62,77","-4,15","62,77","64,56","2,50B"
"15/09/2021","67,02","65,49","-2,50","65,49","67,42","2,30B"
"14/09/2021","67,93","67,17","-0,71","66,44","68,24","1,71B"
"13/09/2021","67,61","67,65","-0,05","67,07","67,82","1,27B"
"10/09/2021","68,19","67,69","0,12","67,69","68,67","1,22B"
"09/09/2021","67,94","67,61","-0,36","66,52","68,34","1,91B"
"08/09/2021","68,87","67,85","-2,08","67,61","69,06","1,53B"
"06/09/2021","69,17","69,29","-1,57","68,65","69,64","819,70M"
"03/09/2021","71,51","70,40","0,07","70,33","72,02","2,73B"
"02/09/2021","70,51","70,35","-0,31","69,90","71,39","1,72B"
"01/09/2021","69,51","70,57","0,17","68,34","71,10","1,45B"
"31/08/2021","70,68","70,45","-1,37","69,75","70,86","1,43B"
"30/08/2021","71,98","71,43","-0,64","71,36","72,56","930,72M"
"27/08/2021","n/d","71,88","2,50","70,61","72,11","1,33B"
"26/08/2021","71,03","70,13","-1,28","70,13","71,25","1,26B"
"25/08/2021","71,46","71,03","-0,21","70,36","71,72","1,07B"
"24/08/2021","70,95","71,18","3,65","70,75","72,30","2,12B"
"23/08/2021","69,65","68,68","-1,38","68,65","69,91","1,36B"
"20/08/2021","69,67","69,64","0,04","69,56","70,75","2,12B"
"19/08/2021","70,44","69,61","-5,71","69,46","71,59","4,20B"
"18/08/2021","75,49","73,83","-3,36","73,83","75,49","2,60B"
"17/08/2021","77,18","76,39","-1,65","75,43","78,05","1,78B"
"16/08/2021","76,56","77,67","0,46","75,62","77,75","1,67B"
"13/08/2021","78,32","77,32","-0,82","77,07","78,46","915,88M"
"12/08/2021","77,96","77,96","-0,06","77,70","78,52","1,16B"
"11/08/2021","78,67","78,01","-0,72","78,00","78,89","1,03B"
"10/08/2021","77,78","78,57","0,96","77,70","79,06","1,37B"
"09/08/2021","77,25","77,82","-0,63","76,87","78,14","1,66B"
"06/08/2021","78,42","78,32","0,57","78,17","79,17","1,51B"
"05/08/2021","78,27","77,87","-3,06","77,03","78,52","2,48B"
"04/08/2021","79,96","80,33","-0,11","79,69","80,85","1,51B"
"03/08/2021","78,37","80,42","3,41","78,13","80,69","2,92B"
"02/08/2021","79,17","77,77","0,16","77,77","79,51","1,80B"
"30/07/2021","81,04","77,65","-5,89","77,65","81,04","3,28B"
"29/07/2021","83,08","82,51","-1,47","81,92","83,93","2,52B"
"28/07/2021","82,46","83,74","2,73","82,28","83,96","2,09B"
"27/07/2021","82,60","81,52","-2,08","81,31","82,85","1,80B"
"26/07/2021","81,70","83,24","2,17","81,70","83,42","1,36B"
"23/07/2021","81,12","81,47","-0,51","80,53","81,74","1,06B"
"22/07/2021","81,16","81,89","0,26","80,45","81,89","978,51M"
"21/07/2021","80,50","81,67","1,15","80,32","82,01","1,60B"
"20/07/2021","80,07","80,74","0,84","78,68","80,76","1,04B"
"19/07/2021","79,96","80,07","-1,09","78,68","80,07","1,47B"
"16/07/2021","82,34","80,96","-1,80","80,67","82,72","1,56B"
"15/07/2021","82,09","82,44","0,31","81,74","82,93","1,50B"
"14/07/2021","83,00","82,19","-0,54","81,70","83,12","1,60B"
"13/07/2021","82,17","82,64","0,59","81,99","82,75","1,04B"
"12/07/2021","82,32","82,15","1,24","82,10","83,03","1,84B"
"08/07/2021","n/d","81,14","-0,39","79,60","81,75","1,56B"
"07/07/2021","81,96","81,46","0,29","81,39","82,51","1,75B"
"06/07/2021","81,03","81,22","0,53","80,44","81,64","1,54B"
"05/07/2021","81,32","80,79","-0,36","80,16","81,36","1,10B"
"02/07/2021","79,96","81,09","2,07","79,66","81,12","1,58B"
"01/07/2021","80,97","79,44","-1,74","79,07","81,64","1,76B"
"30/06/2021","79,84","80,85","0,66","79,73","81,59","1,29B"
"29/06/2021","78,96","80,32","1,73","78,96","80,71","1,57B"
"28/06/2021","80,84","78,96","-1,60","78,54","81,17","1,49B"
"25/06/2021","79,67","80,24","1,23","79,53","81,37","2,10B"
"24/06/2021","79,76","79,27","0,12","78,72","79,90","1,83B"
"23/06/2021","78,71","79,17","1,50","78,54","80,00","2,33B"
"22/06/2021","77,51","78,00","1,17","77,15","78,48","1,44B"
"21/06/2021","75,45","77,10","0,94","75,02","77,51","1,73B"
"18/06/2021","74,93","76,39","3,01","74,59","76,39","4,53B"
"17/06/2021","75,40","74,15","-2,08","73,45","76,44","2,50B"
"16/06/2021","78,07","75,73","-3,00","75,64","78,16","2,90B"
"15/06/2021","79,66","78,07","-1,95","77,90","79,73","1,61B"
"14/06/2021","80,46","79,63","-0,54","79,22","80,72","1,43B"
"11/06/2021","79,37","80,06","2,24","79,14","80,36","1,46B"
"10/06/2021","78,58","78,30","-0,33","77,75","79,38","2,12B"
"09/06/2021","77,02","78,56","2,07","76,46","79,36","1,76B"
"08/06/2021","78,76","76,97","-1,68","76,81","78,96","1,75B"
"07/06/2021","78,56","78,28","-0,97","77,51","78,88","1,78B"
"04/06/2021","80,17","79,05","-1,66","78,70","80,37","1,45B"
"02/06/2021","79,98","80,38","1,41","79,47","81,01","1,63B"
"01/06/2021","81,92","79,26","-1,38","79,26","82,63","2,51B"
"31/05/2021","78,77","80,37","2,86","78,77","80,45","1,42B"
"28/05/2021","77,80","78,14","0,54","76,62","78,95","1,95B"
"27/05/2021","77,58","77,72","0,90","76,86","78,49","4,30B"
"26/05/2021","74,48","77,02","2,76","74,24","77,25","2,03B"
"25/05/2021","77,22","74,96","-2,49","74,77","77,65","1,76B"
"24/05/2021","75,62","76,87","0,35","75,28","77,12","1,47B"
"21/05/2021","77,80","76,60","-1,54","75,97","77,90","2,09B"
"20/05/2021","78,21","77,80","-1,02","77,16","78,49","1,62B"
"19/05/2021","78,49","78,60","-2,05","76,91","78,97","2,56B"
"18/05/2021","80,22","80,24","1,01","79,26","80,80","2,17B"
"17/05/2021","78,07","79,45","2,62","77,84","79,70","2,06B"
"14/05/2021","77,86","77,42","-1,72","76,76","78,28","1,98B"
"13/05/2021","78,42","78,77","-1,61","77,53","79,98","2,70B"
"12/05/2021","82,63","80,06","-3,70","79,80","82,95","2,57B"
"11/05/2021","79,81","83,13","3,51","79,35","83,13","2,34B"
"10/05/2021","83,89","80,31","-0,66","80,31","84,34","3,18B"
"07/05/2021","81,60","80,84","0,35","79,96","81,61","1,74B"
"06/05/2021","78,38","80,56","3,92","78,06","80,66","3,04B"
"05/05/2021","78,42","77,52","0,55","77,30","79,00","2,03B"
"04/05/2021","76,29","77,09","1,51","76,09","77,77","1,60B"
"03/05/2021","76,81","75,94","-0,51","75,80","77,27","1,49B"
"30/04/2021","77,72","76,34","-2,62","76,34","78,12","2,82B"
"29/04/2021","78,56","78,39","0,03","77,65","79,09","1,54B"
"28/04/2021","77,42","78,37","1,63","76,55","78,72","1,60B"
"27/04/2021","76,24","77,11","1,43","75,99","77,44","1,84B"
"26/04/2021","76,99","76,02","0,54","75,73","77,51","1,28B"
"23/04/2021","75,03","75,62","1,66","74,54","75,69","957,55M"
"22/04/2021","75,09","74,38","0,07","73,06","75,09","1,46B"
"20/04/2021","75,59","74,33","-1,46","73,54","75,87","1,43B"
"19/04/2021","76,32","75,43","-0,87","75,37","76,94","1,76B"
"16/04/2021","76,07","76,09","0,43","75,27","76,40","1,32B"
"15/04/2021","76,09","75,77","1,13","75,31","76,94","1,47B"
"14/04/2021","72,80","74,92","3,90","72,66","75,47","2,84B"
"13/04/2021","72,75","72,11","-0,41","72,02","73,02","364,32M"
"12/04/2021","72,05","72,40","0,39","71,57","72,56","974,66M"
"09/04/2021","72,82","72,12","-1,44","72,08","73,28","1,36B"
"08/04/2021","73,48","73,17","-0,06","72,91","73,73","1,90B"
"07/04/2021","71,68","73,21","2,46","71,53","73,75","2,38B"
"06/04/2021","72,68","71,46","-1,30","71,46","73,21","1,60B"
"05/04/2021","69,90","72,39","6,16","69,88","72,70","2,56B"
"01/04/2021","68,97","68,19","-0,59","67,31","69,22","1,16B"
"31/03/2021","68,04","68,60","0,93","67,71","69,01","1,28B"
"30/03/2021","68,56","67,97","-0,93","67,63","68,97","1,22B"
"29/03/2021","67,22","68,61","2,56","67,13","68,94","1,76B"
"26/03/2021","65,64","66,89","3,34","65,39","67,03","1,77B"
"25/03/2021","65,15","64,73","-0,76","63,45","65,32","1,52B"
"24/03/2021","64,42","65,23","2,30","64,29","66,27","1,62B"
"23/03/2021","65,36","63,76","-2,31","63,76","65,67","1,31B"
"22/03/2021","65,48","65,27","-1,66","64,31","65,71","1,36B"
"19/03/2021","67,29","66,37","-1,44","65,43","67,33","2,55B"
"18/03/2021","68,41","67,33","-1,78","66,89","68,81","1,29B"
"17/03/2021","67,50","68,55","1,44","67,26","68,70","1,37B"
"16/03/2021","67,95","67,58","-0,32","67,23","68,51","1,29B"
"15/03/2021","67,57","67,79","-0,60","67,05","68,17","1,08B"
"12/03/2021","69,32","68,20","-2,31","67,72","69,63","1,44B"
"11/03/2021","69,31","69,81","2,62","68,77","70,09","1,82B"
"10/03/2021","68,27","68,03","-1,54","67,02","68,51","2,12B"
"09/03/2021","68,27","69,09","-1,00","67,14","69,54","2,78B"
"08/03/2021","69,46","69,79","-0,54","69,25","71,37","2,80B"
"05/03/2021","66,32","70,17","5,78","65,77","70,44","3,20B"
"04/03/2021","66,69","66,33","-1,49","65,43","68,10","3,23B"
"03/03/2021","68,44","67,33","-1,23","66,86","69,78","2,81B"
"02/03/2021","65,42","68,17","3,07","63,70","68,56","3,18B"
"01/03/2021","64,41","66,14","4,29","63,98","66,65","2,15B"
"26/02/2021","64,78","63,42","-1,24","63,08","65,55","2,74B"
"25/02/2021","66,22","64,22","-2,27","63,75","66,39","1,60B"
"24/02/2021","65,17","65,71","1,01","64,32","65,90","1,43B"
"23/02/2021","64,81","65,05","1,68","62,61","65,32","2,30B"
"22/02/2021","64,75","63,98","-2,48","63,73","65,75","3,13B"
"19/02/2021","65,22","65,60","0,38","64,63","66,32","1,64B"
"18/02/2021","65,32","65,35","1,09","64,43","66,02","2,16B"
"17/02/2021","64,42","64,65","2,62","63,87","64,90","1,88B"
"12/02/2021","62,48","63,00","0,85","61,86","63,16","925,78M"
"11/02/2021","64,06","62,47","-1,69","62,47","64,06","1,25B"
"10/02/2021","63,51","63,54","0,48","63,33","64,19","2,57B"
"09/02/2021","63,47","63,24","0,25","61,94","63,89","2,04B"
"08/02/2021","62,38","63,08","1,42","62,03","63,68","1,78B"
"05/02/2021","60,52","62,19","3,81","60,08","62,25","1,67B"
"04/02/2021","61,69","59,91","-1,26","59,78","62,31","1,82B"
"03/02/2021","59,62","60,68","3,16","59,45","61,34","2,08B"
"02/02/2021","60,51","58,82","-3,96","58,72","60,78","2,04B"
"01/02/2021","60,39","61,24","3,77","59,43","61,24","1,64B"
"29/01/2021","60,38","59,01","-3,46","58,90","60,96","1,88B"
"28/01/2021","59,18","61,12","2,13","59,11","61,29","2,16B"
"27/01/2021","60,65","59,85","-2,78","59,18","61,18","1,95B"
"26/01/2021","62,39","61,56","-1,52","61,30","63,18","1,55B"
"22/01/2021","61,72","62,51","-0,20","61,05","62,94","1,60B"
"21/01/2021","61,93","62,64","1,13","61,82","64,48","1,63B"
"20/01/2021","63,74","61,94","-1,85","60,94","63,84","1,27B"
"19/01/2021","63,41","63,11","-0,27","61,66","63,45","1,70B"
"18/01/2021","63,00","63,28","0,81","62,77","64,17","1,44B"
"15/01/2021","64,80","62,77","-4,35","62,53","65,22","2,01B"
"14/01/2021","65,23","65,62","1,64","64,88","66,33","1,36B"
"13/01/2021","66,34","64,56","-2,99","64,24","66,37","2,06B"
"12/01/2021","68,77","66,55","-2,74","66,55","68,85","1,93B"
"11/01/2021","67,26","68,42","-0,02","66,89","68,42","1,99B"
"08/01/2021","69,12","68,44","-0,31","65,89","69,34","3,96B"
"07/01/2021","64,82","68,65","7,02","64,82","68,79","4,98B"
"06/01/2021","63,73","64,15","2,81","63,34","64,65","3,45B"
"05/01/2021","61,37","62,40","1,68","60,74","62,40","2,11B"
"04/01/2021","59,95","61,37","4,59","59,62","61,38","2,30B"
"30/12/2020","58,50","58,68","0,44","58,14","58,77","1,76B"
"29/12/2020","59,02","58,42","-0,27","58,04","59,18","1,15B"
"28/12/2020","58,90","58,58","-0,06","58,43","59,43","1,53B"
"23/12/2020","58,06","58,62","0,48","57,97","58,73","1,03B"
"22/12/2020","58,28","58,33","0,09","57,32","58,37","1,12B"
"21/12/2020","57,80","58,28","-1,07","56,88","58,64","1,85B"
"18/12/2020","58,79","58,91","0,69","58,66","59,30","1,41B"
"17/12/2020","58,04","58,51","1,14","57,82","59,01","1,25B"
"16/12/2020","56,96","57,85","2,04","56,60","57,86","1,32B"
"15/12/2020","56,47","56,70","1,14","56,37","57,29","1,07B"
"14/12/2020","57,17","56,06","-1,54","55,66","57,18","1,18B"
"11/12/2020","56,78","56,94","-0,16","56,63","57,22","1,43B"
"10/12/2020","56,13","57,03","2,78","55,82","57,18","2,34B"
"09/12/2020","55,76","55,49","-0,24","55,17","56,25","1,50B"
"08/12/2020","55,67","55,62","-0,06","54,79","55,89","1,58B"
"07/12/2020","55,30","55,66","1,18","54,80","55,68","1,51B"
"04/12/2020","53,74","55,01","3,83","53,74","55,47","2,68B"
"03/12/2020","54,35","52,98","-1,10","52,74","54,38","1,88B"
"02/12/2020","54,28","53,57","-1,74","51,87","54,52","2,86B"
"01/12/2020","53,56","54,52","4,17","53,17","54,68","3,32B"
"30/11/2020","52,91","52,33","-0,56","51,74","53,25","2,54B"
"27/11/2020","51,66","52,63","2,44","51,51","52,86","2,56B"
"26/11/2020","50,60","51,38","1,42","50,59","51,40","1,04B"
"25/11/2020","49,52","50,66","0,93","49,39","50,93","1,82B"
"24/11/2020","47,67","50,19","4,92","47,09","50,25","2,45B"
"23/11/2020","46,17","47,83","4,16","45,96","47,85","1,82B"
"20/11/2020","45,58","45,92","1,06","45,26","45,92","1,05B"
"19/11/2020","44,76","45,44","1,91","44,60","45,44","1,17B"
"18/11/2020","44,95","44,59","-0,78","44,33","45,22","1,02B"
"17/11/2020","43,48","44,93","3,16","43,48","45,69","2,80B"
"16/11/2020","42,61","43,56","2,64","42,25","43,84","3,91B"
"13/11/2020","42,09","42,44","0,92","42,01","42,64","1,06B"
"12/11/2020","42,65","42,05","-1,46","41,91","42,79","1,00B"
"11/11/2020","42,39","42,67","0,70","42,27","42,89","1,10B"
"10/11/2020","42,43","42,38","-0,05","42,06","42,67","2,29B"
"09/11/2020","43,04","42,40","0,00","42,18","43,12","1,61B"
"06/11/2020","41,85","42,40","1,02","41,83","42,91","1,13B"
"05/11/2020","41,80","41,97","1,58","41,23","42,31","1,07B"